Type,SetName,Piece,Level,Material,Quantity
head,Hylian Set,Hylian Hood,1,Bokoblin Horn,5
head,Hylian Set,Hylian Hood,2,Blue Bokoblin Horn,5
head,Hylian Set,Hylian Hood,2,Bokoblin Fang,3
head,Hylian Set,Hylian Hood,3,Amber,20
head,Hylian Set,Hylian Hood,3,Black Bokoblin Horn,5
head,Hylian Set,Hylian Hood,3,Bokoblin Guts,3
head,Hylian Set,Hylian Hood,4,Amber,30
head,Hylian Set,Hylian Hood,4,Silver Bokoblin Horn,5
head,Hylian Set,Hylian Hood,4,Bokoblin Guts,5
body,Hylian Set,Hylian Tunic,1,Bokoblin Horn,5
body,Hylian Set,Hylian Tunic,2,Blue Bokoblin Horn,5
body,Hylian Set,Hylian Tunic,2,Bokoblin Fang,3
body,Hylian Set,Hylian Tunic,3,Amber,20
body,Hylian Set,Hylian Tunic,3,Black Bokoblin Horn,5
body,Hylian Set,Hylian Tunic,3,Bokoblin Guts,3
body,Hylian Set,Hylian Tunic,4,Amber,30
body,Hylian Set,Hylian Tunic,4,Silver Bokoblin Horn,5
body,Hylian Set,Hylian Tunic,4,Bokoblin Guts,5
legs,Hylian Set,Hylian Trousers,1,Bokoblin Horn,5
legs,Hylian Set,Hylian Trousers,2,Blue Bokoblin Horn,5
legs,Hylian Set,Hylian Trousers,2,Bokoblin Fang,3
legs,Hylian Set,Hylian Trousers,3,Amber,20
legs,Hylian Set,Hylian Trousers,3,Black Bokoblin Horn,5
legs,Hylian Set,Hylian Trousers,3,Bokoblin Guts,3
legs,Hylian Set,Hylian Trousers,4,Amber,30
legs,Hylian Set,Hylian Trousers,4,Silver Bokoblin Horn,5
legs,Hylian Set,Hylian Trousers,4,Bokoblin Guts,5
head,Soldier's Set,Soldier's Helm,1,Chuchu Jelly,5
head,Soldier's Set,Soldier's Helm,1,Bokoblin Guts,3
head,Soldier's Set,Soldier's Helm,2,Keese Eyeball,5
head,Soldier's Set,Soldier's Helm,2,Moblin Guts,3
head,Soldier's Set,Soldier's Helm,3,Flint,30
head,Soldier's Set,Soldier's Helm,3,Lizalfos Tail,3
head,Soldier's Set,Soldier's Helm,3,Hinox Guts,3
head,Soldier's Set,Soldier's Helm,4,Amber,30
head,Soldier's Set,Soldier's Helm,4,Lynel Hoof,5
head,Soldier's Set,Soldier's Helm,4,Lynel Guts,5
body,Soldier's Set,Soldier's Armor,1,Chuchu Jelly,5
body,Soldier's Set,Soldier's Armor,1,Bokoblin Guts,3
body,Soldier's Set,Soldier's Armor,2,Keese Eyeball,5
body,Soldier's Set,Soldier's Armor,2,Moblin Guts,3
body,Soldier's Set,Soldier's Armor,3,Flint,30
body,Soldier's Set,Soldier's Armor,3,Lizalfos Tail,3
body,Soldier's Set,Soldier's Armor,3,Hinox Guts,3
body,Soldier's Set,Soldier's Armor,4,Amber,30
body,Soldier's Set,Soldier's Armor,4,Lynel Hoof,5
body,Soldier's Set,Soldier's Armor,4,Lynel Guts,5
legs,Soldier's Set,Soldier's Greaves,1,Chuchu Jelly,5
legs,Soldier's Set,Soldier's Greaves,1,Bokoblin Guts,3
legs,Soldier's Set,Soldier's Greaves,2,Keese Eyeball,5
legs,Soldier's Set,Soldier's Greaves,2,Moblin Guts,3
legs,Soldier's Set,Soldier's Greaves,3,Flint,30
legs,Soldier's Set,Soldier's Greaves,3,Lizalfos Tail,3
legs,Soldier's Set,Soldier's Greaves,3,Hinox Guts,3
legs,Soldier's Set,Soldier's Greaves,4,Amber,30
legs,Soldier's Set,Soldier's Greaves,4,Lynel Hoof,5
legs,Soldier's Set,Soldier's Greaves,4,Lynel Guts,5
head,Snowquill Set,Snowquill Headdress,1,Red Chuchu Jelly,3
head,Snowquill Set,Snowquill Headdress,2,Red Chuchu Jelly,5
head,Snowquill Set,Snowquill Headdress,2,Warm Safflina,3
head,Snowquill Set,Snowquill Headdress,3,Sunshroom,5
head,Snowquill Set,Snowquill Headdress,3,Fire Keese Wing,5
head,Snowquill Set,Snowquill Headdress,3,Fire-Breath Lizalfos Tail,3
head,Snowquill Set,Snowquill Headdress,4,Fire-Breath Lizalfos Tail,10
head,Snowquill Set,Snowquill Headdress,4,Fire-Breath Lizalfos Horn,5
head,Snowquill Set,Snowquill Headdress,4,Ruby,5
body,Snowquill Set,Snowquill Tunic,1,Red Chuchu Jelly,3
body,Snowquill Set,Snowquill Tunic,2,Red Chuchu Jelly,5
body,Snowquill Set,Snowquill Tunic,2,Warm Safflina,3
body,Snowquill Set,Snowquill Tunic,3,Sunshroom,5
body,Snowquill Set,Snowquill Tunic,3,Fire Keese Wing,5
body,Snowquill Set,Snowquill Tunic,3,Fire-Breath Lizalfos Tail,3
body,Snowquill Set,Snowquill Tunic,4,Fire-Breath Lizalfos Tail,10
body,Snowquill Set,Snowquill Tunic,4,Fire-Breath Lizalfos Horn,5
body,Snowquill Set,Snowquill Tunic,4,Ruby,5
legs,Snowquill Set,Snowquill Trousers,1,Red Chuchu Jelly,3
legs,Snowquill Set,Snowquill Trousers,2,Red Chuchu Jelly,5
legs,Snowquill Set,Snowquill Trousers,2,Warm Safflina,3
legs,Snowquill Set,Snowquill Trousers,3,Sunshroom,5
legs,Snowquill Set,Snowquill Trousers,3,Fire Keese Wing,5
legs,Snowquill Set,Snowquill Trousers,3,Fire-Breath Lizalfos Tail,3
legs,Snowquill Set,Snowquill Trousers,4,Fire-Breath Lizalfos Tail,10
legs,Snowquill Set,Snowquill Trousers,4,Fire-Breath Lizalfos Horn,5
legs,Snowquill Set,Snowquill Trousers,4,Ruby,5
head,Flamebreaker Set,Flamebreaker Helm,1,Moblin Horn,3
head,Flamebreaker Set,Flamebreaker Helm,2,Moblin Fang,5
head,Flamebreaker Set,Flamebreaker Helm,2,Fireproof Lizard,5
head,Flamebreaker Set,Flamebreaker Helm,3,Flint,15
head,Flamebreaker Set,Flamebreaker Helm,3,Blue Moblin Horn,5
head,Flamebreaker Set,Flamebreaker Helm,3,Smotherwing Butterfly,3
head,Flamebreaker Set,Flamebreaker Helm,4,Flint,30
head,Flamebreaker Set,Flamebreaker Helm,4,Black Moblin Horn,5
head,Flamebreaker Set,Flamebreaker Helm,4,Smotherwing Butterfly,5
body,Flamebreaker Set,Flamebreaker Armor,1,Moblin Horn,3
body,Flamebreaker Set,Flamebreaker Armor,2,Moblin Fang,5
body,Flamebreaker Set,Flamebreaker Armor,2,Fireproof Lizard,5
body,Flamebreaker Set,Flamebreaker Armor,3,Flint,15
body,Flamebreaker Set,Flamebreaker Armor,3,Blue Moblin Horn,5
body,Flamebreaker Set,Flamebreaker Armor,3,Smotherwing Butterfly,3
body,Flamebreaker Set,Flamebreaker Armor,4,Flint,30
body,Flamebreaker Set,Flamebreaker Armor,4,Black Moblin Horn,5
body,Flamebreaker Set,Flamebreaker Armor,4,Smotherwing Butterfly,5
legs,Flamebreaker Set,Flamebreaker Boots,1,Moblin Horn,3
legs,Flamebreaker Set,Flamebreaker Boots,2,Moblin Fang,5
legs,Flamebreaker Set,Flamebreaker Boots,2,Fireproof Lizard,5
legs,Flamebreaker Set,Flamebreaker Boots,3,Flint,15
legs,Flamebreaker Set,Flamebreaker Boots,3,Blue Moblin Horn,5
legs,Flamebreaker Set,Flamebreaker Boots,3,Smotherwing Butterfly,3
legs,Flamebreaker Set,Flamebreaker Boots,4,Flint,30
legs,Flamebreaker Set,Flamebreaker Boots,4,Black Moblin Horn,5
legs,Flamebreaker Set,Flamebreaker Boots,4,Smotherwing Butterfly,5
head,Zora Set,Zora Helm,1,Lizalfos Horn,3
head,Zora Set,Zora Helm,2,Hyrule Bass,5
head,Zora Set,Zora Helm,2,Lizalfos Talon,5
head,Zora Set,Zora Helm,3,Blue Lizalfos Horn,5
head,Zora Set,Zora Helm,3,Lizalfos Tail,3
head,Zora Set,Zora Helm,3,Hearty Bass,3
head,Zora Set,Zora Helm,4,Opal,20
head,Zora Set,Zora Helm,4,Black Lizalfos Horn,5
head,Zora Set,Zora Helm,4,Blue Lizalfos Tail,5
body,Zora Set,Zora Armor,1,Lizalfos Horn,3
body,Zora Set,Zora Armor,2,Hyrule Bass,5
body,Zora Set,Zora Armor,2,Lizalfos Talon,5
body,Zora Set,Zora Armor,3,Blue Lizalfos Horn,5
body,Zora Set,Zora Armor,3,Lizalfos Tail,3
body,Zora Set,Zora Armor,3,Hearty Bass,3
body,Zora Set,Zora Armor,4,Opal,20
body,Zora Set,Zora Armor,4,Black Lizalfos Horn,5
body,Zora Set,Zora Armor,4,Blue Lizalfos Tail,5
legs,Zora Set,Zora Greaves,1,Lizalfos Horn,3
legs,Zora Set,Zora Greaves,2,Hyrule Bass,5
legs,Zora Set,Zora Greaves,2,Lizalfos Talon,5
legs,Zora Set,Zora Greaves,3,Blue Lizalfos Horn,5
legs,Zora Set,Zora Greaves,3,Lizalfos Tail,3
legs,Zora Set,Zora Greaves,3,Hearty Bass,3
legs,Zora Set,Zora Greaves,4,Opal,20
legs,Zora Set,Zora Greaves,4,Black Lizalfos Horn,5
legs,Zora Set,Zora Greaves,4,Blue Lizalfos Tail,5
head,Desert Voe Set,Desert Voe Headband,1,White Chuchu Jelly,3
head,Desert Voe Set,Desert Voe Headband,2,White Chuchu Jelly,5
head,Desert Voe Set,Desert Voe Headband,2,Cool Safflina,3
head,Desert Voe Set,Desert Voe Headband,3,Chillshroom,5
head,Desert Voe Set,Desert Voe Headband,3,Ice Keese Wing,5
head,Desert Voe Set,Desert Voe Headband,3,Ice-Breath Lizalfos Tail,3
head,Desert Voe Set,Desert Voe Headband,4,Ice-Breath Lizalfos Tail,10
head,Desert Voe Set,Desert Voe Headband,4,Ice-Breath Lizalfos Horn,5
head,Desert Voe Set,Desert Voe Headband,4,Sapphire,5
body,Desert Voe Set,Desert Voe Spaulder,1,White Chuchu Jelly,3
body,Desert Voe Set,Desert Voe Spaulder,2,White Chuchu Jelly,5
body,Desert Voe Set,Desert Voe Spaulder,2,Cool Safflina,3
body,Desert Voe Set,Desert Voe Spaulder,3,Chillshroom,5
body,Desert Voe Set,Desert Voe Spaulder,3,Ice Keese Wing,5
body,Desert Voe Set,Desert Voe Spaulder,3,Ice-Breath Lizalfos Tail,3
body,Desert Voe Set,Desert Voe Spaulder,4,Ice-Breath Lizalfos Tail,10
body,Desert Voe Set,Desert Voe Spaulder,4,Ice-Breath Lizalfos Horn,5
body,Desert Voe Set,Desert Voe Spaulder,4,Sapphire,5
legs,Desert Voe Set,Desert Voe Trousers,1,White Chuchu Jelly,3
legs,Desert Voe Set,Desert Voe Trousers,2,White Chuchu Jelly,5
legs,Desert Voe Set,Desert Voe Trousers,2,Cool Safflina,3
legs,Desert Voe Set,Desert Voe Trousers,3,Chillshroom,5
legs,Desert Voe Set,Desert Voe Trousers,3,Ice Keese Wing,5
legs,Desert Voe Set,Desert Voe Trousers,3,Ice-Breath Lizalfos Tail,3
legs,Desert Voe Set,Desert Voe Trousers,4,Ice-Breath Lizalfos Tail,10
legs,Desert Voe Set,Desert Voe Trousers,4,Ice-Breath Lizalfos Horn,5
legs,Desert Voe Set,Desert Voe Trousers,4,Sapphire,5
head,Rubber Set,Rubber Helm,1,Yellow Chuchu Jelly,3
head,Rubber Set,Rubber Helm,1,Electric Lizalfos Horn,1
head,Rubber Set,Rubber Helm,2,Yellow Chuchu Jelly,8
head,Rubber Set,Rubber Helm,2,Voltfruit,5
head,Rubber Set,Rubber Helm,3,Electric Safflina,8
head,Rubber Set,Rubber Helm,3,Zapshroom,5
head,Rubber Set,Rubber Helm,3,Electric Lizalfos Tail,5
head,Rubber Set,Rubber Helm,4,Electric Lizalfos Tail,8
head,Rubber Set,Rubber Helm,4,Electric Lizalfos Horn,5
head,Rubber Set,Rubber Helm,4,Topaz,5
body,Rubber Set,Rubber Armor,1,Yellow Chuchu Jelly,3
body,Rubber Set,Rubber Armor,1,Electric Lizalfos Horn,1
body,Rubber Set,Rubber Armor,2,Yellow Chuchu Jelly,8
body,Rubber Set,Rubber Armor,2,Voltfruit,5
body,Rubber Set,Rubber Armor,3,Electric Safflina,8
body,Rubber Set,Rubber Armor,3,Zapshroom,5
body,Rubber Set,Rubber Armor,3,Electric Lizalfos Tail,5
body,Rubber Set,Rubber Armor,4,Electric Lizalfos Tail,8
body,Rubber Set,Rubber Armor,4,Electric Lizalfos Horn,5
body,Rubber Set,Rubber Armor,4,Topaz,5
legs,Rubber Set,Rubber Tights,1,Yellow Chuchu Jelly,3
legs,Rubber Set,Rubber Tights,1,Electric Lizalfos Horn,1
legs,Rubber Set,Rubber Tights,2,Yellow Chuchu Jelly,8
legs,Rubber Set,Rubber Tights,2,Voltfruit,5
legs,Rubber Set,Rubber Tights,3,Electric Safflina,8
legs,Rubber Set,Rubber Tights,3,Zapshroom,5
legs,Rubber Set,Rubber Tights,3,Electric Lizalfos Tail,5
legs,Rubber Set,Rubber Tights,4,Electric Lizalfos Tail,8
legs,Rubber Set,Rubber Tights,4,Electric Lizalfos Horn,5
legs,Rubber Set,Rubber Tights,4,Topaz,5
head,Stealth Set,Stealth Mask,1,Blue Nightshade,3
head,Stealth Set,Stealth Mask,2,Blue Nightshade,5
head,Stealth Set,Stealth Mask,2,Sunset Firefly,5
head,Stealth Set,Stealth Mask,3,Silent Shroom,8
head,Stealth Set,Stealth Mask,3,Sneaky River Snail,5
head,Stealth Set,Stealth Mask,3,Sticky Frog,5
head,Stealth Set,Stealth Mask,4,Sundelion,10
head,Stealth Set,Stealth Mask,4,Stealthfin Trout,10
head,Stealth Set,Stealth Mask,4,Silent Princess,5
body,Stealth Set,Stealth Chest Guard,1,Blue Nightshade,3
body,Stealth Set,Stealth Chest Guard,2,Blue Nightshade,5
body,Stealth Set,Stealth Chest Guard,2,Sunset Firefly,5
body,Stealth Set,Stealth Chest Guard,3,Silent Shroom,8
body,Stealth Set,Stealth Chest Guard,3,Sneaky River Snail,5
body,Stealth Set,Stealth Chest Guard,3,Sticky Frog,5
body,Stealth Set,Stealth Chest Guard,4,Sundelion,10
body,Stealth Set,Stealth Chest Guard,4,Stealthfin Trout,10
body,Stealth Set,Stealth Chest Guard,4,Silent Princess,5
legs,Stealth Set,Stealth Tights,1,Blue Nightshade,3
legs,Stealth Set,Stealth Tights,2,Blue Nightshade,5
legs,Stealth Set,Stealth Tights,2,Sunset Firefly,5
legs,Stealth Set,Stealth Tights,3,Silent Shroom,8
legs,Stealth Set,Stealth Tights,3,Sneaky River Snail,5
legs,Stealth Set,Stealth Tights,3,Sticky Frog,5
legs,Stealth Set,Stealth Tights,4,Sundelion,10
legs,Stealth Set,Stealth Tights,4,Stealthfin Trout,10
legs,Stealth Set,Stealth Tights,4,Silent Princess,5
head,Climber's Set,Climber's Bandanna,1,Keese Wing,3
head,Climber's Set,Climber's Bandanna,1,Rushroom,3
head,Climber's Set,Climber's Bandanna,2,Electric Keese Wing,5
head,Climber's Set,Climber's Bandanna,2,Hightail Lizard,5
head,Climber's Set,Climber's Bandanna,3,Hot-Footed Frog,10
head,Climber's Set,Climber's Bandanna,3,Ice Keese Wing,8
head,Climber's Set,Climber's Bandanna,4,Swift Violet,20
head,Climber's Set,Climber's Bandanna,4,Fire Keese Wing,10
body,Climber's Set,Climbing Gear,1,Keese Wing,3
body,Climber's Set,Climbing Gear,1,Rushroom,3
body,Climber's Set,Climbing Gear,2,Electric Keese Wing,5
body,Climber's Set,Climbing Gear,2,Hightail Lizard,5
body,Climber's Set,Climbing Gear,3,Hot-Footed Frog,10
body,Climber's Set,Climbing Gear,3,Ice Keese Wing,8
body,Climber's Set,Climbing Gear,4,Swift Violet,20
body,Climber's Set,Climbing Gear,4,Fire Keese Wing,10
legs,Climber's Set,Climbing Boots,1,Keese Wing,3
legs,Climber's Set,Climbing Boots,1,Rushroom,3
legs,Climber's Set,Climbing Boots,2,Electric Keese Wing,5
legs,Climber's Set,Climbing Boots,2,Hightail Lizard,5
legs,Climber's Set,Climbing Boots,3,Hot-Footed Frog,10
legs,Climber's Set,Climbing Boots,3,Ice Keese Wing,8
legs,Climber's Set,Climbing Boots,4,Swift Violet,20
legs,Climber's Set,Climbing Boots,4,Fire Keese Wing,10
head,Barbarian Set,Barbarian Helm,1,Mighty Thistle,3
head,Barbarian Set,Barbarian Helm,2,Razorshroom,5
head,Barbarian Set,Barbarian Helm,2,Lynel Saber Horn,2
head,Barbarian Set,Barbarian Helm,2,Lynel Mace Horn,2
head,Barbarian Set,Barbarian Helm,3,Blue-Maned Lynel Saber Horn,3
head,Barbarian Set,Barbarian Helm,3,Blue-Maned Lynel Mace Horn,3
head,Barbarian Set,Barbarian Helm,3,Razorclaw Crab,3
head,Barbarian Set,Barbarian Helm,4,White-Maned Lynel Saber Horn,3
head,Barbarian Set,Barbarian Helm,4,White-Maned Lynel Mace Horn,3
head,Barbarian Set,Barbarian Helm,4,Bladed Rhino Beetle,3
body,Barbarian Set,Barbarian Armor,1,Mighty Thistle,3
body,Barbarian Set,Barbarian Armor,2,Razorshroom,5
body,Barbarian Set,Barbarian Armor,2,Lynel Saber Horn,2
body,Barbarian Set,Barbarian Armor,2,Lynel Mace Horn,2
body,Barbarian Set,Barbarian Armor,3,Blue-Maned Lynel Saber Horn,3
body,Barbarian Set,Barbarian Armor,3,Blue-Maned Lynel Mace Horn,3
body,Barbarian Set,Barbarian Armor,3,Razorclaw Crab,3
body,Barbarian Set,Barbarian Armor,4,White-Maned Lynel Saber Horn,3
body,Barbarian Set,Barbarian Armor,4,White-Maned Lynel Mace Horn,3
body,Barbarian Set,Barbarian Armor,4,Bladed Rhino Beetle,3
legs,Barbarian Set,Barbarian Leg Wraps,1,Mighty Thistle,3
legs,Barbarian Set,Barbarian Leg Wraps,2,Razorshroom,5
legs,Barbarian Set,Barbarian Leg Wraps,2,Lynel Saber Horn,2
legs,Barbarian Set,Barbarian Leg Wraps,2,Lynel Mace Horn,2
legs,Barbarian Set,Barbarian Leg Wraps,3,Blue-Maned Lynel Saber Horn,3
legs,Barbarian Set,Barbarian Leg Wraps,3,Blue-Maned Lynel Mace Horn,3
legs,Barbarian Set,Barbarian Leg Wraps,3,Razorclaw Crab,3
legs,Barbarian Set,Barbarian Leg Wraps,4,White-Maned Lynel Saber Horn,3
legs,Barbarian Set,Barbarian Leg Wraps,4,White-Maned Lynel Mace Horn,3
legs,Barbarian Set,Barbarian Leg Wraps,4,Bladed Rhino Beetle,3
head,Radiant Set,Radiant Mask,1,Luminous Stone,10
head,Radiant Set,Radiant Mask,1,Bokoblin Guts,1
head,Radiant Set,Radiant Mask,2,Luminous Stone,15
head,Radiant Set,Radiant Mask,2,Moblin Guts,2
head,Radiant Set,Radiant Mask,3,Luminous Stone,20
head,Radiant Set,Radiant Mask,3,Gibdo Bone,10
head,Radiant Set,Radiant Mask,3,Horriblin Guts,3
head,Radiant Set,Radiant Mask,4,Luminous Stone,30
head,Radiant Set,Radiant Mask,4,Lynel Guts,3
head,Radiant Set,Radiant Mask,4,Molduga Jaw,3
body,Radiant Set,Radiant Shirt,1,Luminous Stone,10
body,Radiant Set,Radiant Shirt,1,Bokoblin Guts,1
body,Radiant Set,Radiant Shirt,2,Luminous Stone,15
body,Radiant Set,Radiant Shirt,2,Moblin Guts,2
body,Radiant Set,Radiant Shirt,3,Luminous Stone,20
body,Radiant Set,Radiant Shirt,3,Gibdo Bone,10
body,Radiant Set,Radiant Shirt,3,Horriblin Guts,3
body,Radiant Set,Radiant Shirt,4,Luminous Stone,30
body,Radiant Set,Radiant Shirt,4,Lynel Guts,3
body,Radiant Set,Radiant Shirt,4,Molduga Jaw,3
legs,Radiant Set,Radiant Tights,1,Luminous Stone,10
legs,Radiant Set,Radiant Tights,1,Bokoblin Guts,1
legs,Radiant Set,Radiant Tights,2,Luminous Stone,15
legs,Radiant Set,Radiant Tights,2,Moblin Guts,2
legs,Radiant Set,Radiant Tights,3,Luminous Stone,20
legs,Radiant Set,Radiant Tights,3,Gibdo Bone,10
legs,Radiant Set,Radiant Tights,3,Horriblin Guts,3
legs,Radiant Set,Radiant Tights,4,Luminous Stone,30
legs,Radiant Set,Radiant Tights,4,Lynel Guts,3
legs,Radiant Set,Radiant Tights,4,Molduga Jaw,3
head,Royal Guard Set,Royal Guard Cap,1,Boss Bokoblin Horn,3
head,Royal Guard Set,Royal Guard Cap,1,Bokoblin Guts,3
head,Royal Guard Set,Royal Guard Cap,2,Blue Boss Bokoblin Horn,3
head,Royal Guard Set,Royal Guard Cap,2,Boss Bokoblin Fang,3
head,Royal Guard Set,Royal Guard Cap,3,Black Boss Bokoblin Horn,3
head,Royal Guard Set,Royal Guard Cap,3,Hinox Guts,3
head,Royal Guard Set,Royal Guard Cap,4,Silver Boss Bokoblin Horn,3
head,Royal Guard Set,Royal Guard Cap,4,Gleeok Guts,3
head,Royal Guard Set,Royal Guard Cap,4,Molduga Guts,3
body,Royal Guard Set,Royal Guard Uniform,1,Boss Bokoblin Horn,3
body,Royal Guard Set,Royal Guard Uniform,1,Bokoblin Guts,3
body,Royal Guard Set,Royal Guard Uniform,2,Blue Boss Bokoblin Horn,3
body,Royal Guard Set,Royal Guard Uniform,2,Boss Bokoblin Fang,3
body,Royal Guard Set,Royal Guard Uniform,3,Black Boss Bokoblin Horn,3
body,Royal Guard Set,Royal Guard Uniform,3,Hinox Guts,3
body,Royal Guard Set,Royal Guard Uniform,4,Silver Boss Bokoblin Horn,3
body,Royal Guard Set,Royal Guard Uniform,4,Gleeok Guts,3
body,Royal Guard Set,Royal Guard Uniform,4,Molduga Guts,3
legs,Royal Guard Set,Royal Guard Boots,1,Boss Bokoblin Horn,3
legs,Royal Guard Set,Royal Guard Boots,1,Bokoblin Guts,3
legs,Royal Guard Set,Royal Guard Boots,2,Blue Boss Bokoblin Horn,3
legs,Royal Guard Set,Royal Guard Boots,2,Boss Bokoblin Fang,3
legs,Royal Guard Set,Royal Guard Boots,3,Black Boss Bokoblin Horn,3
legs,Royal Guard Set,Royal Guard Boots,3,Hinox Guts,3
legs,Royal Guard Set,Royal Guard Boots,4,Silver Boss Bokoblin Horn,3
legs,Royal Guard Set,Royal Guard Boots,4,Gleeok Guts,3
legs,Royal Guard Set,Royal Guard Boots,4,Molduga Guts,3
head,Froggy Set,Froggy Hood,1,Sticky Lizard,3
head,Froggy Set,Froggy Hood,2,Sticky Lizard,5
head,Froggy Set,Froggy Hood,2,Horriblin Horn,5
head,Froggy Set,Froggy Hood,3,Blue Horriblin Horn,5
head,Froggy Set,Froggy Hood,3,Sticky Frog,5
head,Froggy Set,Froggy Hood,4,Horriblin Guts,10
head,Froggy Set,Froggy Hood,4,Opal,10
head,Froggy Set,Froggy Hood,4,Black Horriblin Horn,5
body,Froggy Set,Froggy Sleeve,1,Sticky Lizard,3
body,Froggy Set,Froggy Sleeve,2,Sticky Lizard,5
body,Froggy Set,Froggy Sleeve,2,Horriblin Horn,5
body,Froggy Set,Froggy Sleeve,3,Blue Horriblin Horn,5
body,Froggy Set,Froggy Sleeve,3,Sticky Frog,5
body,Froggy Set,Froggy Sleeve,4,Horriblin Guts,10
body,Froggy Set,Froggy Sleeve,4,Opal,10
body,Froggy Set,Froggy Sleeve,4,Black Horriblin Horn,5
legs,Froggy Set,Froggy Leggings,1,Sticky Lizard,3
legs,Froggy Set,Froggy Leggings,2,Sticky Lizard,5
legs,Froggy Set,Froggy Leggings,2,Horriblin Horn,5
legs,Froggy Set,Froggy Leggings,3,Blue Horriblin Horn,5
legs,Froggy Set,Froggy Leggings,3,Sticky Frog,5
legs,Froggy Set,Froggy Leggings,4,Horriblin Guts,10
legs,Froggy Set,Froggy Leggings,4,Opal,10
legs,Froggy Set,Froggy Leggings,4,Black Horriblin Horn,5
head,Glide Set,Glide Mask,1,Keese Wing,3
head,Glide Set,Glide Mask,2,Aerocuda Eyeball,6
head,Glide Set,Glide Mask,2,Aerocuda Wing,5
head,Glide Set,Glide Mask,3,Aerocuda Eyeball,8
head,Glide Set,Glide Mask,3,Aerocuda Wing,6
head,Glide Set,Glide Mask,4,Gleeok Wing,12
head,Glide Set,Glide Mask,4,Aerocuda Wing,10
head,Glide Set,Glide Mask,4,Gibdo Wing,8
body,Glide Set,Glide Shirt,1,Keese Wing,3
body,Glide Set,Glide Shirt,2,Aerocuda Eyeball,6
body,Glide Set,Glide Shirt,2,Aerocuda Wing,5
body,Glide Set,Glide Shirt,3,Aerocuda Eyeball,8
body,Glide Set,Glide Shirt,3,Aerocuda Wing,6
body,Glide Set,Glide Shirt,4,Gleeok Wing,12
body,Glide Set,Glide Shirt,4,Aerocuda Wing,10
body,Glide Set,Glide Shirt,4,Gibdo Wing,8
legs,Glide Set,Glide Tights,1,Keese Wing,3
legs,Glide Set,Glide Tights,2,Aerocuda Eyeball,6
legs,Glide Set,Glide Tights,2,Aerocuda Wing,5
legs,Glide Set,Glide Tights,3,Aerocuda Eyeball,8
legs,Glide Set,Glide Tights,3,Aerocuda Wing,6
legs,Glide Set,Glide Tights,4,Gleeok Wing,12
legs,Glide Set,Glide Tights,4,Aerocuda Wing,10
legs,Glide Set,Glide Tights,4,Gibdo Wing,8
head,Depths Set,Hood of the Depths,1,Deep Firefly,3
head,Depths Set,Hood of the Depths,2,Dark Clump,5
head,Depths Set,Hood of the Depths,2,Frox Fang,3
head,Depths Set,Hood of the Depths,3,Zonaite,20
head,Depths Set,Hood of the Depths,3,Obsidian Frox Fang,3
head,Depths Set,Hood of the Depths,3,Frox Fingernail,3
head,Depths Set,Hood of the Depths,4,Large Zonaite,10
head,Depths Set,Hood of the Depths,4,Blue-White Frox Fang,5
head,Depths Set,Hood of the Depths,4,Frox Guts,3
body,Depths Set,Tunic of the Depths,1,Deep Firefly,3
body,Depths Set,Tunic of the Depths,2,Dark Clump,5
body,Depths Set,Tunic of the Depths,2,Frox Fang,3
body,Depths Set,Tunic of the Depths,3,Zonaite,20
body,Depths Set,Tunic of the Depths,3,Obsidian Frox Fang,3
body,Depths Set,Tunic of the Depths,3,Frox Fingernail,3
body,Depths Set,Tunic of the Depths,4,Large Zonaite,10
body,Depths Set,Tunic of the Depths,4,Blue-White Frox Fang,5
body,Depths Set,Tunic of the Depths,4,Frox Guts,3
legs,Depths Set,Gaiters of the Depths,1,Deep Firefly,3
legs,Depths Set,Gaiters of the Depths,2,Dark Clump,5
legs,Depths Set,Gaiters of the Depths,2,Frox Fang,3
legs,Depths Set,Gaiters of the Depths,3,Zonaite,20
legs,Depths Set,Gaiters of the Depths,3,Obsidian Frox Fang,3
legs,Depths Set,Gaiters of the Depths,3,Frox Fingernail,3
legs,Depths Set,Gaiters of the Depths,4,Large Zonaite,10
legs,Depths Set,Gaiters of the Depths,4,Blue-White Frox Fang,5
legs,Depths Set,Gaiters of the Depths,4,Frox Guts,3
head,Miner's Set,Miner's Mask,1,Brightbloom Seed,10
head,Miner's Set,Miner's Mask,2,Brightbloom Seed,20
head,Miner's Set,Miner's Mask,2,Brightcap,5
head,Miner's Set,Miner's Mask,3,Giant Brightbloom Seed,15
head,Miner's Set,Miner's Mask,3,Deep Firefly,10
head,Miner's Set,Miner's Mask,3,Glowing Cave Fish,5
head,Miner's Set,Miner's Mask,4,Giant Brightbloom Seed,20
head,Miner's Set,Miner's Mask,4,Large Zonaite,10
head,Miner's Set,Miner's Mask,4,Diamond,3
body,Miner's Set,Miner's Top,1,Brightbloom Seed,10
body,Miner's Set,Miner's Top,2,Brightbloom Seed,20
body,Miner's Set,Miner's Top,2,Brightcap,5
body,Miner's Set,Miner's Top,3,Giant Brightbloom Seed,15
body,Miner's Set,Miner's Top,3,Deep Firefly,10
body,Miner's Set,Miner's Top,3,Glowing Cave Fish,5
body,Miner's Set,Miner's Top,4,Giant Brightbloom Seed,20
body,Miner's Set,Miner's Top,4,Large Zonaite,10
body,Miner's Set,Miner's Top,4,Diamond,3
legs,Miner's Set,Miner's Trousers,1,Brightbloom Seed,10
legs,Miner's Set,Miner's Trousers,2,Brightbloom Seed,20
legs,Miner's Set,Miner's Trousers,2,Brightcap,5
legs,Miner's Set,Miner's Trousers,3,Giant Brightbloom Seed,15
legs,Miner's Set,Miner's Trousers,3,Deep Firefly,10
legs,Miner's Set,Miner's Trousers,3,Glowing Cave Fish,5
legs,Miner's Set,Miner's Trousers,4,Giant Brightbloom Seed,20
legs,Miner's Set,Miner's Trousers,4,Large Zonaite,10
legs,Miner's Set,Miner's Trousers,4,Diamond,3
head,Ember Set,Ember Headdress,1,Fire Fruit,3
head,Ember Set,Ember Headdress,2,Fire-Breath Lizalfos Horn,5
head,Ember Set,Ember Headdress,2,Summerwing Butterfly,5
head,Ember Set,Ember Headdress,3,Fire Like Stone,5
head,Ember Set,Ember Headdress,3,Warm Darner,5
head,Ember Set,Ember Headdress,3,Large Zonai Charge,5
head,Ember Set,Ember Headdress,4,Sizzlefin Trout,10
head,Ember Set,Ember Headdress,4,Large Zonai Charge,10
head,Ember Set,Ember Headdress,4,Gleeok Flame Horn,5
body,Ember Set,Ember Shirt,1,Fire Fruit,3
body,Ember Set,Ember Shirt,2,Fire-Breath Lizalfos Horn,5
body,Ember Set,Ember Shirt,2,Summerwing Butterfly,5
body,Ember Set,Ember Shirt,3,Fire Like Stone,5
body,Ember Set,Ember Shirt,3,Warm Darner,5
body,Ember Set,Ember Shirt,3,Large Zonai Charge,5
body,Ember Set,Ember Shirt,4,Sizzlefin Trout,10
body,Ember Set,Ember Shirt,4,Large Zonai Charge,10
body,Ember Set,Ember Shirt,4,Gleeok Flame Horn,5
legs,Ember Set,Ember Trousers,1,Fire Fruit,3
legs,Ember Set,Ember Trousers,2,Fire-Breath Lizalfos Horn,5
legs,Ember Set,Ember Trousers,2,Summerwing Butterfly,5
legs,Ember Set,Ember Trousers,3,Fire Like Stone,5
legs,Ember Set,Ember Trousers,3,Warm Darner,5
legs,Ember Set,Ember Trousers,3,Large Zonai Charge,5
legs,Ember Set,Ember Trousers,4,Sizzlefin Trout,10
legs,Ember Set,Ember Trousers,4,Large Zonai Charge,10
legs,Ember Set,Ember Trousers,4,Gleeok Flame Horn,5
head,Charged Set,Charged Headdress,1,Shock Fruit,3
head,Charged Set,Charged Headdress,2,Electric Lizalfos Horn,5
head,Charged Set,Charged Headdress,2,Thunderwing Butterfly,3
head,Charged Set,Charged Headdress,3,Shock Like Stone,5
head,Charged Set,Charged Headdress,3,Electric Darner,5
head,Charged Set,Charged Headdress,3,Large Zonai Charge,3
head,Charged Set,Charged Headdress,4,Voltfin Trout,10
head,Charged Set,Charged Headdress,4,Large Zonai Charge,10
head,Charged Set,Charged Headdress,4,Gleeok Thunder Horn,5
body,Charged Set,Charged Shirt,1,Shock Fruit,3
body,Charged Set,Charged Shirt,2,Electric Lizalfos Horn,5
body,Charged Set,Charged Shirt,2,Thunderwing Butterfly,3
body,Charged Set,Charged Shirt,3,Shock Like Stone,5
body,Charged Set,Charged Shirt,3,Electric Darner,5
body,Charged Set,Charged Shirt,3,Large Zonai Charge,3
body,Charged Set,Charged Shirt,4,Voltfin Trout,10
body,Charged Set,Charged Shirt,4,Large Zonai Charge,10
body,Charged Set,Charged Shirt,4,Gleeok Thunder Horn,5
legs,Charged Set,Charged Trousers,1,Shock Fruit,3
legs,Charged Set,Charged Trousers,2,Electric Lizalfos Horn,5
legs,Charged Set,Charged Trousers,2,Thunderwing Butterfly,3
legs,Charged Set,Charged Trousers,3,Shock Like Stone,5
legs,Charged Set,Charged Trousers,3,Electric Darner,5
legs,Charged Set,Charged Trousers,3,Large Zonai Charge,3
legs,Charged Set,Charged Trousers,4,Voltfin Trout,10
legs,Charged Set,Charged Trousers,4,Large Zonai Charge,10
legs,Charged Set,Charged Trousers,4,Gleeok Thunder Horn,5
head,Frostbite Set,Frostbite Headdress,1,Ice Fruit,3
head,Frostbite Set,Frostbite Headdress,2,Ice-Breath Lizalfos Horn,5
head,Frostbite Set,Frostbite Headdress,2,Winterwing Butterfly,5
head,Frostbite Set,Frostbite Headdress,3,Ice Like Stone,5
head,Frostbite Set,Frostbite Headdress,3,Cold Darner,5
head,Frostbite Set,Frostbite Headdress,3,Large Zonai Charge,5
head,Frostbite Set,Frostbite Headdress,4,Chillfin Trout,10
head,Frostbite Set,Frostbite Headdress,4,Large Zonai Charge,10
head,Frostbite Set,Frostbite Headdress,4,Gleeok Frost Horn,5
body,Frostbite Set,Frostbite Shirt,1,Ice Fruit,3
body,Frostbite Set,Frostbite Shirt,2,Ice-Breath Lizalfos Horn,5
body,Frostbite Set,Frostbite Shirt,2,Winterwing Butterfly,5
body,Frostbite Set,Frostbite Shirt,3,Ice Like Stone,5
body,Frostbite Set,Frostbite Shirt,3,Cold Darner,5
body,Frostbite Set,Frostbite Shirt,3,Large Zonai Charge,5
body,Frostbite Set,Frostbite Shirt,4,Chillfin Trout,10
body,Frostbite Set,Frostbite Shirt,4,Large Zonai Charge,10
body,Frostbite Set,Frostbite Shirt,4,Gleeok Frost Horn,5
legs,Frostbite Set,Frostbite Trousers,1,Ice Fruit,3
legs,Frostbite Set,Frostbite Trousers,2,Ice-Breath Lizalfos Horn,5
legs,Frostbite Set,Frostbite Trousers,2,Winterwing Butterfly,5
legs,Frostbite Set,Frostbite Trousers,3,Ice Like Stone,5
legs,Frostbite Set,Frostbite Trousers,3,Cold Darner,5
legs,Frostbite Set,Frostbite Trousers,3,Large Zonai Charge,5
legs,Frostbite Set,Frostbite Trousers,4,Chillfin Trout,10
legs,Frostbite Set,Frostbite Trousers,4,Large Zonai Charge,10
legs,Frostbite Set,Frostbite Trousers,4,Gleeok Frost Horn,5
head,Yiga Set,Yiga Mask,1,Octorok Eyeball,2
head,Yiga Set,Yiga Mask,2,Puffshroom,3
head,Yiga Set,Yiga Mask,2,Fire-Breath Lizalfos Tail,3
head,Yiga Set,Yiga Mask,3,Keese Eyeball,5
head,Yiga Set,Yiga Mask,3,Ice-Breath Lizalfos Tail,5
head,Yiga Set,Yiga Mask,4,Mighty Bananas,10
head,Yiga Set,Yiga Mask,4,Electric Lizalfos Tail,5
head,Yiga Set,Yiga Mask,4,Black Hinox Horn,3
body,Yiga Set,Yiga Armor,1,Octorok Eyeball,2
body,Yiga Set,Yiga Armor,2,Puffshroom,3
body,Yiga Set,Yiga Armor,2,Fire-Breath Lizalfos Tail,3
body,Yiga Set,Yiga Armor,3,Keese Eyeball,5
body,Yiga Set,Yiga Armor,3,Ice-Breath Lizalfos Tail,5
body,Yiga Set,Yiga Armor,4,Mighty Bananas,10
body,Yiga Set,Yiga Armor,4,Electric Lizalfos Tail,5
body,Yiga Set,Yiga Armor,4,Black Hinox Horn,3
legs,Yiga Set,Yiga Tights,1,Octorok Eyeball,2
legs,Yiga Set,Yiga Tights,2,Puffshroom,3
legs,Yiga Set,Yiga Tights,2,Fire-Breath Lizalfos Tail,3
legs,Yiga Set,Yiga Tights,3,Keese Eyeball,5
legs,Yiga Set,Yiga Tights,3,Ice-Breath Lizalfos Tail,5
legs,Yiga Set,Yiga Tights,4,Mighty Bananas,10
legs,Yiga Set,Yiga Tights,4,Electric Lizalfos Tail,5
legs,Yiga Set,Yiga Tights,4,Black Hinox Horn,3
head,Vah Medoh Divine Helm,Vah Medoh Divine Helm,1,Sapphire,1
head,Vah Medoh Divine Helm,Vah Medoh Divine Helm,1,Zonaite,5
head,Vah Medoh Divine Helm,Vah Medoh Divine Helm,2,Sapphire,4
head,Vah Medoh Divine Helm,Vah Medoh Divine Helm,2,Zonaite,10
head,Vah Medoh Divine Helm,Vah Medoh Divine Helm,3,Sapphire,6
head,Vah Medoh Divine Helm,Vah Medoh Divine Helm,3,Large Zonaite,5
head,Vah Medoh Divine Helm,Vah Medoh Divine Helm,3,Dazzlefruit,5
head,Vah Medoh Divine Helm,Vah Medoh Divine Helm,4,Sapphire,10
head,Vah Medoh Divine Helm,Vah Medoh Divine Helm,4,Large Zonaite,10
head,Vah Medoh Divine Helm,Vah Medoh Divine Helm,4,Dazzlefruit,10
head,Vah Rudania Divine Helm,Vah Rudania Divine Helm,1,Ruby,1
head,Vah Rudania Divine Helm,Vah Rudania Divine Helm,1,Zonaite,5
head,Vah Rudania Divine Helm,Vah Rudania Divine Helm,2,Ruby,4
head,Vah Rudania Divine Helm,Vah Rudania Divine Helm,2,Zonaite,10
head,Vah Rudania Divine Helm,Vah Rudania Divine Helm,3,Ruby,6
head,Vah Rudania Divine Helm,Vah Rudania Divine Helm,3,Large Zonaite,5
head,Vah Rudania Divine Helm,Vah Rudania Divine Helm,3,Dazzlefruit,5
head,Vah Rudania Divine Helm,Vah Rudania Divine Helm,4,Ruby,10
head,Vah Rudania Divine Helm,Vah Rudania Divine Helm,4,Large Zonaite,10
head,Vah Rudania Divine Helm,Vah Rudania Divine Helm,4,Dazzlefruit,10
head,Vah Ruta Divine Helm,Vah Ruta Divine Helm,1,Opal,5
head,Vah Ruta Divine Helm,Vah Ruta Divine Helm,1,Zonaite,5
head,Vah Ruta Divine Helm,Vah Ruta Divine Helm,2,Opal,10
head,Vah Ruta Divine Helm,Vah Ruta Divine Helm,2,Zonaite,10
head,Vah Ruta Divine Helm,Vah Ruta Divine Helm,3,Opal,15
head,Vah Ruta Divine Helm,Vah Ruta Divine Helm,3,Large Zonaite,5
head,Vah Ruta Divine Helm,Vah Ruta Divine Helm,3,Dazzlefruit,5
head,Vah Ruta Divine Helm,Vah Ruta Divine Helm,4,Opal,25
head,Vah Ruta Divine Helm,Vah Ruta Divine Helm,4,Large Zonaite,10
head,Vah Ruta Divine Helm,Vah Ruta Divine Helm,4,Dazzlefruit,10
head,Vah Naboris Divine Helm,Vah Naboris Divine Helm,1,Topaz,1
head,Vah Naboris Divine Helm,Vah Naboris Divine Helm,1,Zonaite,5
head,Vah Naboris Divine Helm,Vah Naboris Divine Helm,2,Topaz,4
head,Vah Naboris Divine Helm,Vah Naboris Divine Helm,2,Zonaite,10
head,Vah Naboris Divine Helm,Vah Naboris Divine Helm,3,Topaz,6
head,Vah Naboris Divine Helm,Vah Naboris Divine Helm,3,Large Zonaite,5
head,Vah Naboris Divine Helm,Vah Naboris Divine Helm,3,Dazzlefruit,5
head,Vah Naboris Divine Helm,Vah Naboris Divine Helm,4,Topaz,10
head,Vah Naboris Divine Helm,Vah Naboris Divine Helm,4,Large Zonaite,10
head,Vah Naboris Divine Helm,Vah Naboris Divine Helm,4,Dazzlefruit,10
head,Zonaite Set,Zonaite Helm,1,Soldier Construct I Horn,5
head,Zonaite Set,Zonaite Helm,2,Soldier Construct II Horn,5
head,Zonaite Set,Zonaite Helm,2,Captain Construct I Horn,5
head,Zonaite Set,Zonaite Helm,2,Zonaite,5
head,Zonaite Set,Zonaite Helm,3,Soldier Construct III Horn,5
head,Zonaite Set,Zonaite Helm,3,Captain Construct II Horn,5
head,Zonaite Set,Zonaite Helm,3,Large Zonaite,5
head,Zonaite Set,Zonaite Helm,4,Soldier Construct IV Horn,5
head,Zonaite Set,Zonaite Helm,4,Captain Construct III Horn,5
head,Zonaite Set,Zonaite Helm,4,Large Zonaite,5
body,Zonaite Set,Zonaite Waistguard,1,Soldier Construct I Horn,5
body,Zonaite Set,Zonaite Waistguard,2,Soldier Construct II Horn,5
body,Zonaite Set,Zonaite Waistguard,2,Captain Construct I Horn,5
body,Zonaite Set,Zonaite Waistguard,2,Zonaite,5
body,Zonaite Set,Zonaite Waistguard,3,Soldier Construct III Horn,5
body,Zonaite Set,Zonaite Waistguard,3,Captain Construct II Horn,5
body,Zonaite Set,Zonaite Waistguard,3,Large Zonaite,5
body,Zonaite Set,Zonaite Waistguard,4,Soldier Construct IV Horn,5
body,Zonaite Set,Zonaite Waistguard,4,Captain Construct III Horn,5
body,Zonaite Set,Zonaite Waistguard,4,Large Zonaite,5
legs,Zonaite Set,Zonaite Shin Guards,1,Soldier Construct I Horn,5
legs,Zonaite Set,Zonaite Shin Guards,2,Soldier Construct II Horn,5
legs,Zonaite Set,Zonaite Shin Guards,2,Captain Construct I Horn,5
legs,Zonaite Set,Zonaite Shin Guards,2,Zonaite,5
legs,Zonaite Set,Zonaite Shin Guards,3,Soldier Construct III Horn,5
legs,Zonaite Set,Zonaite Shin Guards,3,Captain Construct II Horn,5
legs,Zonaite Set,Zonaite Shin Guards,3,Large Zonaite,5
legs,Zonaite Set,Zonaite Shin Guards,4,Soldier Construct IV Horn,5
legs,Zonaite Set,Zonaite Shin Guards,4,Captain Construct III Horn,5
legs,Zonaite Set,Zonaite Shin Guards,4,Large Zonaite,5
head,Diamond Circlet,Diamond Circlet,1,Flint,3
head,Diamond Circlet,Diamond Circlet,1,Diamond,2
head,Diamond Circlet,Diamond Circlet,2,Flint,5
head,Diamond Circlet,Diamond Circlet,2,Diamond,3
head,Diamond Circlet,Diamond Circlet,3,Diamond,5
head,Diamond Circlet,Diamond Circlet,3,Star Fragment,1
head,Diamond Circlet,Diamond Circlet,4,Diamond,8
head,Diamond Circlet,Diamond Circlet,4,Star Fragment,2
head,Ruby Circlet,Ruby Circlet,1,Flint,3
head,Ruby Circlet,Ruby Circlet,1,Ruby,2
head,Ruby Circlet,Ruby Circlet,2,Flint,5
head,Ruby Circlet,Ruby Circlet,2,Ruby,3
head,Ruby Circlet,Ruby Circlet,3,Ruby,5
head,Ruby Circlet,Ruby Circlet,3,Star Fragment,1
head,Ruby Circlet,Ruby Circlet,4,Ruby,10
head,Ruby Circlet,Ruby Circlet,4,Star Fragment,2
head,Sapphire Circlet,Sapphire Circlet,1,Flint,3
head,Sapphire Circlet,Sapphire Circlet,1,Sapphire,2
head,Sapphire Circlet,Sapphire Circlet,2,Flint,5
head,Sapphire Circlet,Sapphire Circlet,2,Sapphire,3
head,Sapphire Circlet,Sapphire Circlet,3,Sapphire,5
head,Sapphire Circlet,Sapphire Circlet,3,Star Fragment,1
head,Sapphire Circlet,Sapphire Circlet,4,Sapphire,10
head,Sapphire Circlet,Sapphire Circlet,4,Star Fragment,2
head,Topaz Earrings,Topaz Earrings,1,Flint,3
head,Topaz Earrings,Topaz Earrings,1,Topaz,2
head,Topaz Earrings,Topaz Earrings,2,Flint,5
head,Topaz Earrings,Topaz Earrings,2,Topaz,3
head,Topaz Earrings,Topaz Earrings,3,Topaz,5
head,Topaz Earrings,Topaz Earrings,3,Star Fragment,1
head,Topaz Earrings,Topaz Earrings,4,Topaz,10
head,Topaz Earrings,Topaz Earrings,4,Star Fragment,2
head,Opal Earrings,Opal Earrings,1,Opal,6
head,Opal Earrings,Opal Earrings,1,Flint,5
head,Opal Earrings,Opal Earrings,2,Opal,12
head,Opal Earrings,Opal Earrings,2,Flint,10
head,Opal Earrings,Opal Earrings,3,Opal,18
head,Opal Earrings,Opal Earrings,3,Flint,15
head,Opal Earrings,Opal Earrings,4,Opal,30
head,Opal Earrings,Opal Earrings,4,Flint,25
head,Amber Earrings,Amber Earrings,1,Amber,10
head,Amber Earrings,Amber Earrings,1,Flint,5
head,Amber Earrings,Amber Earrings,2,Amber,20
head,Amber Earrings,Amber Earrings,2,Flint,10
head,Amber Earrings,Amber Earrings,3,Amber,35
head,Amber Earrings,Amber Earrings,3,Flint,15
head,Amber Earrings,Amber Earrings,4,Amber,60
head,Amber Earrings,Amber Earrings,4,Flint,25
legs,Sand Boots,Sand Boots,1,Hightail Lizard,3
legs,Sand Boots,Sand Boots,2,Gibdo Bone,20
legs,Sand Boots,Sand Boots,2,Swift Carrot,5
legs,Sand Boots,Sand Boots,3,Rushroom,10
legs,Sand Boots,Sand Boots,3,Gibdo Guts,5
legs,Sand Boots,Sand Boots,3,Molduga Fin,5
legs,Sand Boots,Sand Boots,4,Swift Violet,10
legs,Sand Boots,Sand Boots,4,Molduga Guts,5
legs,Sand Boots,Sand Boots,4,Hearty Lizard,5
legs,Snow Boots,Snow Boots,1,Hightail Lizard,3
legs,Snow Boots,Snow Boots,2,Swift Carrot,5
legs,Snow Boots,Snow Boots,2,Octorok Tentacle,5
legs,Snow Boots,Snow Boots,3,Rushroom,20
legs,Snow Boots,Snow Boots,3,Octo Balloon,5
legs,Snow Boots,Snow Boots,4,Swift Violet,20
legs,Snow Boots,Snow Boots,4,Naydra's Scale,2
body,Tunic of Memories,Tunic of Memories,1,Silent Princess,3
body,Tunic of Memories,Tunic of Memories,1,Light Dragon's Scale,1
body,Tunic of Memories,Tunic of Memories,2,Silent Princess,3
body,Tunic of Memories,Tunic of Memories,2,Shard of Farosh's Horn,2
body,Tunic of Memories,Tunic of Memories,2,Light Dragon's Talon,1
body,Tunic of Memories,Tunic of Memories,3,Silent Princess,5
body,Tunic of Memories,Tunic of Memories,3,Shard of Naydra's Horn,2
body,Tunic of Memories,Tunic of Memories,3,Shard of Light Dragon's Fang,1
body,Tunic of Memories,Tunic of Memories,4,Silent Princess,10
body,Tunic of Memories,Tunic of Memories,4,Shard of Dinraal's Horn,2
body,Tunic of Memories,Tunic of Memories,4,Shard of Light Dragon's Horn,1
body,Champion's Leathers,Champion's Leathers,1,Silent Princess,3
body,Champion's Leathers,Champion's Leathers,1,Light Dragon's Scale,1
body,Champion's Leathers,Champion's Leathers,2,Silent Princess,3
body,Champion's Leathers,Champion's Leathers,2,Light Dragon's Talon,2
body,Champion's Leathers,Champion's Leathers,2,Sundelion,10
body,Champion's Leathers,Champion's Leathers,3,Silent Princess,5
body,Champion's Leathers,Champion's Leathers,3,Shard of Light Dragon's Fang,2
body,Champion's Leathers,Champion's Leathers,3,Sundelion,15
body,Champion's Leathers,Champion's Leathers,4,Silent Princess,10
body,Champion's Leathers,Champion's Leathers,4,Shard of Light Dragon's Horn,2
body,Champion's Leathers,Champion's Leathers,4,Sundelion,20
head,Sheik's Mask,Sheik's Mask,1,Silent Princess,1
head,Sheik's Mask,Sheik's Mask,1,Star Fragment,1
head,Sheik's Mask,Sheik's Mask,2,Silent Princess,2
head,Sheik's Mask,Sheik's Mask,2,Star Fragment,2
head,Sheik's Mask,Sheik's Mask,3,Silent Princess,4
head,Sheik's Mask,Sheik's Mask,3,Star Fragment,3
head,Sheik's Mask,Sheik's Mask,4,Silent Princess,8
head,Sheik's Mask,Sheik's Mask,4,Star Fragment,4
head,Fierce Deity Set,Fierce Deity Mask,1,Hinox Toenail,5
head,Fierce Deity Set,Fierce Deity Mask,1,Dinraal's Scale,1
head,Fierce Deity Set,Fierce Deity Mask,2,Hinox Tooth,5
head,Fierce Deity Set,Fierce Deity Mask,2,Dinraal's Claw,1
head,Fierce Deity Set,Fierce Deity Mask,3,Hinox Guts,2
head,Fierce Deity Set,Fierce Deity Mask,3,Shard of Dinraal's Fang,1
head,Fierce Deity Set,Fierce Deity Mask,4,Lynel Guts,2
head,Fierce Deity Set,Fierce Deity Mask,4,Shard of Dinraal's Horn,1
body,Fierce Deity Set,Fierce Deity Armor,1,Hinox Toenail,5
body,Fierce Deity Set,Fierce Deity Armor,1,Naydra's Scale,1
body,Fierce Deity Set,Fierce Deity Armor,2,Hinox Tooth,5
body,Fierce Deity Set,Fierce Deity Armor,2,Naydra's Claw,1
body,Fierce Deity Set,Fierce Deity Armor,3,Hinox Guts,2
body,Fierce Deity Set,Fierce Deity Armor,3,Shard of Naydra's Fang,1
body,Fierce Deity Set,Fierce Deity Armor,4,Lynel Guts,2
body,Fierce Deity Set,Fierce Deity Armor,4,Shard of Naydra's Horn,1
legs,Fierce Deity Set,Fierce Deity Boots,1,Hinox Toenail,5
legs,Fierce Deity Set,Fierce Deity Boots,1,Farosh's Scale,1
legs,Fierce Deity Set,Fierce Deity Boots,2,Hinox Tooth,5
legs,Fierce Deity Set,Fierce Deity Boots,2,Farosh's Claw,1
legs,Fierce Deity Set,Fierce Deity Boots,3,Hinox Guts,2
legs,Fierce Deity Set,Fierce Deity Boots,3,Shard of Farosh's Fang,1
legs,Fierce Deity Set,Fierce Deity Boots,4,Lynel Guts,2
legs,Fierce Deity Set,Fierce Deity Boots,4,Shard of Farosh's Horn,1
head,Awakening Set,Mask of Awakening,1,Luminous Stone,10
head,Awakening Set,Mask of Awakening,1,Star Fragment,1
head,Awakening Set,Mask of Awakening,2,Luminous Stone,15
head,Awakening Set,Mask of Awakening,2,Star Fragment,1
head,Awakening Set,Mask of Awakening,3,Luminous Stone,20
head,Awakening Set,Mask of Awakening,3,Star Fragment,1
head,Awakening Set,Mask of Awakening,4,Luminous Stone,30
head,Awakening Set,Mask of Awakening,4,Star Fragment,1
body,Awakening Set,Tunic of Awakening,1,Luminous Stone,10
body,Awakening Set,Tunic of Awakening,1,Star Fragment,1
body,Awakening Set,Tunic of Awakening,2,Luminous Stone,15
body,Awakening Set,Tunic of Awakening,2,Star Fragment,1
body,Awakening Set,Tunic of Awakening,3,Luminous Stone,20
body,Awakening Set,Tunic of Awakening,3,Star Fragment,1
body,Awakening Set,Tunic of Awakening,4,Luminous Stone,30
body,Awakening Set,Tunic of Awakening,4,Star Fragment,1
legs,Awakening Set,Trousers of Awakening,1,Luminous Stone,10
legs,Awakening Set,Trousers of Awakening,1,Star Fragment,1
legs,Awakening Set,Trousers of Awakening,2,Luminous Stone,15
legs,Awakening Set,Trousers of Awakening,2,Star Fragment,1
legs,Awakening Set,Trousers of Awakening,3,Luminous Stone,20
legs,Awakening Set,Trousers of Awakening,3,Star Fragment,1
legs,Awakening Set,Trousers of Awakening,4,Luminous Stone,30
legs,Awakening Set,Trousers of Awakening,4,Star Fragment,1
head,Wild Set,Cap of the Wild,1,Acorn,10
head,Wild Set,Cap of the Wild,1,Farosh's Scale,2
head,Wild Set,Cap of the Wild,2,Courser Bee Honey,5
head,Wild Set,Cap of the Wild,2,Farosh's Claw,2
head,Wild Set,Cap of the Wild,3,Shard of Farosh's Spike,5
head,Wild Set,Cap of the Wild,3,Energetic Rhino Beetle,3
head,Wild Set,Cap of the Wild,3,Shard of Farosh's Fang,2
head,Wild Set,Cap of the Wild,4,Shard of Farosh's Spike,10
head,Wild Set,Cap of the Wild,4,Star Fragment,3
head,Wild Set,Cap of the Wild,4,Shard of Farosh's Horn,2
body,Wild Set,Tunic of the Wild,1,Acorn,10
body,Wild Set,Tunic of the Wild,1,Naydra's Scale,2
body,Wild Set,Tunic of the Wild,2,Courser Bee Honey,5
body,Wild Set,Tunic of the Wild,2,Naydra's Claw,2
body,Wild Set,Tunic of the Wild,3,Shard of Naydra's Spike,5
body,Wild Set,Tunic of the Wild,3,Energetic Rhino Beetle,3
body,Wild Set,Tunic of the Wild,3,Shard of Naydra's Fang,2
body,Wild Set,Tunic of the Wild,4,Shard of Naydra's Spike,10
body,Wild Set,Tunic of the Wild,4,Star Fragment,3
body,Wild Set,Tunic of the Wild,4,Shard of Naydra's Horn,2
legs,Wild Set,Trousers of the Wild,1,Acorn,10
legs,Wild Set,Trousers of the Wild,1,Dinraal's Scale,2
legs,Wild Set,Trousers of the Wild,2,Courser Bee Honey,5
legs,Wild Set,Trousers of the Wild,2,Dinraal's Claw,2
legs,Wild Set,Trousers of the Wild,3,Shard of Dinraal's Spike,5
legs,Wild Set,Trousers of the Wild,3,Energetic Rhino Beetle,3
legs,Wild Set,Trousers of the Wild,3,Shard of Dinraal's Fang,2
legs,Wild Set,Trousers of the Wild,4,Shard of Dinraal's Spike,10
legs,Wild Set,Trousers of the Wild,4,Star Fragment,3
legs,Wild Set,Trousers of the Wild,4,Shard of Dinraal's Horn,2
head,Hero Set,Cap of the Hero,1,Ruby,1
head,Hero Set,Cap of the Hero,1,Star Fragment,1
head,Hero Set,Cap of the Hero,2,Ruby,4
head,Hero Set,Cap of the Hero,2,Star Fragment,1
head,Hero Set,Cap of the Hero,3,Ruby,6
head,Hero Set,Cap of the Hero,3,Star Fragment,1
head,Hero Set,Cap of the Hero,4,Ruby,10
head,Hero Set,Cap of the Hero,4,Star Fragment,1
body,Hero Set,Tunic of the Hero,1,Ruby,1
body,Hero Set,Tunic of the Hero,1,Star Fragment,1
body,Hero Set,Tunic of the Hero,2,Ruby,4
body,Hero Set,Tunic of the Hero,2,Star Fragment,1
body,Hero Set,Tunic of the Hero,3,Ruby,6
body,Hero Set,Tunic of the Hero,3,Star Fragment,1
body,Hero Set,Tunic of the Hero,4,Ruby,10
body,Hero Set,Tunic of the Hero,4,Star Fragment,1
legs,Hero Set,Trousers of the Hero,1,Ruby,1
legs,Hero Set,Trousers of the Hero,1,Star Fragment,1
legs,Hero Set,Trousers of the Hero,2,Ruby,4
legs,Hero Set,Trousers of the Hero,2,Star Fragment,1
legs,Hero Set,Trousers of the Hero,3,Ruby,6
legs,Hero Set,Trousers of the Hero,3,Star Fragment,1
legs,Hero Set,Trousers of the Hero,4,Ruby,10
legs,Hero Set,Trousers of the Hero,4,Star Fragment,1
head,Time Set,Cap of Time,1,Amber,10
head,Time Set,Cap of Time,1,Star Fragment,1
head,Time Set,Cap of Time,2,Amber,20
head,Time Set,Cap of Time,2,Star Fragment,1
head,Time Set,Cap of Time,3,Amber,30
head,Time Set,Cap of Time,3,Star Fragment,1
head,Time Set,Cap of Time,4,Amber,40
head,Time Set,Cap of Time,4,Star Fragment,1
body,Time Set,Tunic of Time,1,Amber,10
body,Time Set,Tunic of Time,1,Star Fragment,1
body,Time Set,Tunic of Time,2,Amber,20
body,Time Set,Tunic of Time,2,Star Fragment,1
body,Time Set,Tunic of Time,3,Amber,30
body,Time Set,Tunic of Time,3,Star Fragment,1
body,Time Set,Tunic of Time,4,Amber,40
body,Time Set,Tunic of Time,4,Star Fragment,1
legs,Time Set,Trousers of Time,1,Amber,10
legs,Time Set,Trousers of Time,1,Star Fragment,1
legs,Time Set,Trousers of Time,2,Amber,20
legs,Time Set,Trousers of Time,2,Star Fragment,1
legs,Time Set,Trousers of Time,3,Amber,30
legs,Time Set,Trousers of Time,3,Star Fragment,1
legs,Time Set,Trousers of Time,4,Amber,40
legs,Time Set,Trousers of Time,4,Star Fragment,1
head,Wind Set,Cap of the Wind,1,Opal,5
head,Wind Set,Cap of the Wind,1,Star Fragment,1
head,Wind Set,Cap of the Wind,2,Opal,10
head,Wind Set,Cap of the Wind,2,Star Fragment,1
head,Wind Set,Cap of the Wind,3,Opal,15
head,Wind Set,Cap of the Wind,3,Star Fragment,1
head,Wind Set,Cap of the Wind,4,Opal,25
head,Wind Set,Cap of the Wind,4,Star Fragment,1
body,Wind Set,Tunic of the Wind,1,Opal,5
body,Wind Set,Tunic of the Wind,1,Star Fragment,1
body,Wind Set,Tunic of the Wind,2,Opal,10
body,Wind Set,Tunic of the Wind,2,Star Fragment,1
body,Wind Set,Tunic of the Wind,3,Opal,15
body,Wind Set,Tunic of the Wind,3,Star Fragment,1
body,Wind Set,Tunic of the Wind,4,Opal,25
body,Wind Set,Tunic of the Wind,4,Star Fragment,1
legs,Wind Set,Trousers of the Wind,1,Opal,5
legs,Wind Set,Trousers of the Wind,1,Star Fragment,1
legs,Wind Set,Trousers of the Wind,2,Opal,10
legs,Wind Set,Trousers of the Wind,2,Star Fragment,1
legs,Wind Set,Trousers of the Wind,3,Opal,15
legs,Wind Set,Trousers of the Wind,3,Star Fragment,1
legs,Wind Set,Trousers of the Wind,4,Opal,25
legs,Wind Set,Trousers of the Wind,4,Star Fragment,1
head,Twilight Set,Cap of Twilight,1,Topaz,1
head,Twilight Set,Cap of Twilight,1,Star Fragment,1
head,Twilight Set,Cap of Twilight,2,Topaz,4
head,Twilight Set,Cap of Twilight,2,Star Fragment,1
head,Twilight Set,Cap of Twilight,3,Topaz,6
head,Twilight Set,Cap of Twilight,3,Star Fragment,1
head,Twilight Set,Cap of Twilight,4,Topaz,10
head,Twilight Set,Cap of Twilight,4,Star Fragment,1
body,Twilight Set,Tunic of Twilight,1,Topaz,1
body,Twilight Set,Tunic of Twilight,1,Star Fragment,1
body,Twilight Set,Tunic of Twilight,2,Topaz,4
body,Twilight Set,Tunic of Twilight,2,Star Fragment,1
body,Twilight Set,Tunic of Twilight,3,Topaz,6
body,Twilight Set,Tunic of Twilight,3,Star Fragment,1
body,Twilight Set,Tunic of Twilight,4,Topaz,10
body,Twilight Set,Tunic of Twilight,4,Star Fragment,1
legs,Twilight Set,Trousers of Twilight,1,Topaz,1
legs,Twilight Set,Trousers of Twilight,1,Star Fragment,1
legs,Twilight Set,Trousers of Twilight,2,Topaz,4
legs,Twilight Set,Trousers of Twilight,2,Star Fragment,1
legs,Twilight Set,Trousers of Twilight,3,Topaz,6
legs,Twilight Set,Trousers of Twilight,3,Star Fragment,1
legs,Twilight Set,Trousers of Twilight,4,Topaz,10
legs,Twilight Set,Trousers of Twilight,4,Star Fragment,1
head,Sky Set,Cap of the Sky,1,Sapphire,1
head,Sky Set,Cap of the Sky,1,Star Fragment,1
head,Sky Set,Cap of the Sky,2,Sapphire,4
head,Sky Set,Cap of the Sky,2,Star Fragment,1
head,Sky Set,Cap of the Sky,3,Sapphire,6
head,Sky Set,Cap of the Sky,3,Star Fragment,1
head,Sky Set,Cap of the Sky,4,Sapphire,10
head,Sky Set,Cap of the Sky,4,Star Fragment,1
body,Sky Set,Tunic of the Sky,1,Sapphire,1
body,Sky Set,Tunic of the Sky,1,Star Fragment,1
body,Sky Set,Tunic of the Sky,2,Sapphire,4
body,Sky Set,Tunic of the Sky,2,Star Fragment,1
body,Sky Set,Tunic of the Sky,3,Sapphire,6
body,Sky Set,Tunic of the Sky,3,Star Fragment,1
body,Sky Set,Tunic of the Sky,4,Sapphire,10
body,Sky Set,Tunic of the Sky,4,Star Fragment,1
legs,Sky Set,Trousers of the Sky,1,Sapphire,1
legs,Sky Set,Trousers of the Sky,1,Star Fragment,1
legs,Sky Set,Trousers of the Sky,2,Sapphire,4
legs,Sky Set,Trousers of the Sky,2,Star Fragment,1
legs,Sky Set,Trousers of the Sky,3,Sapphire,6
legs,Sky Set,Trousers of the Sky,3,Star Fragment,1
legs,Sky Set,Trousers of the Sky,4,Sapphire,10
legs,Sky Set,Trousers of the Sky,4,Star Fragment,1
body,Ancient Hero's Aspect,Ancient Hero's Aspect,1,Zonaite,15
body,Ancient Hero's Aspect,Ancient Hero's Aspect,1,Silver Bokoblin Horn,9
body,Ancient Hero's Aspect,Ancient Hero's Aspect,1,Hinox Guts,9
body,Ancient Hero's Aspect,Ancient Hero's Aspect,2,Large Zonaite,10
body,Ancient Hero's Aspect,Ancient Hero's Aspect,2,Silver Moblin Horn,9
body,Ancient Hero's Aspect,Ancient Hero's Aspect,2,Frox Guts,9
body,Ancient Hero's Aspect,Ancient Hero's Aspect,3,Large Zonaite,15
body,Ancient Hero's Aspect,Ancient Hero's Aspect,3,Silver Lizalfos Horn,9
body,Ancient Hero's Aspect,Ancient Hero's Aspect,3,Molduga Guts,9
body,Ancient Hero's Aspect,Ancient Hero's Aspect,4,Silver Lynel Saber Horn,9
body,Ancient Hero's Aspect,Ancient Hero's Aspect,4,Silver Lynel Mace Horn,9
body,Ancient Hero's Aspect,Ancient Hero's Aspect,4,Gleeok Guts,9
